study,x1i,t1i,num,ord,us,Events per 100 patient - years,antipsychotic, status ,definition,sponsor,quality
NCT00088491-1,19,48.63,140,1,100,39.07053259,Olanzapine,Stable,Csernansky criteria,Industry,5
NCT00705783,27,110.18,269,4,45.35315985,24.50535487,Aripiprazole,Stable,Csernansky criteria,Industry,5
NCT00088491-3,28,115.32,318,5,100,24.28026361,Olanzapine,Stable,Csernansky criteria,Industry,5
NCT00706654,22,166.46,265,7,36.60377358,13.21638832,Aripiprazole,Stable,Csernansky criteria,Industry,5
NCT00088491-2,6,48.63,141,8,100,12.33806292,Olanzapine,Stable,Csernansky criteria,Industry,5
NCT00320489,27,236.31,171,9,16.96,11.42566967,Olanzapine,Stable,Csernansky criteria,Industry,4
NCT00119756-50,2,19.24,40,10,12.5,10.3950104,Paliperidone,Stable,Investigator determined ,Industry,4
NCT00216476,29,367.19,193,12,0,7.897818568,Risperidone,Stable,Csernansky criteria,Industry,5
NCT00119756-100,1,22.5,47,16,17.02,4.444444444,Paliperidone,Stable,Investigator determined ,Industry,4
NCT00119756-75,0,21.08,45,18,26.67,0,Paliperidone,Stable,Investigator determined ,Industry,4
NCT01136772-P,20,51.89,53,2,100,38.54307188,Paliperidone,Acute,Csernansky criteria,Academia,5
NCT01136772-H,18,52.98,52,3,100,33.97508494,Haloperidol,Acute,Csernansky criteria,Academia,5
NCT00330863,11,52.89,30,6,100,20.7978824,Risperidone,Acute,Csernansky criteria,Academia,5
NCT00111189,63,540.78,512,8,25.59,11.64983912,Paliperidone,Acute,Csernansky criteria,Industry,5
NCT00210717-R,9,120.4,106,11,7.55,7.475083056,Risperidone,Acute,Investigator determined ,Industry,4
NCT01529515,10,136.53,213,13,24.41,7.324397568,Paliperidone,Acute,Csernansky criteria,Industry,5
NCT01193153,9,129.62,186,14,31.18,6.943372936,Paliperidone,Acute,Csernansky criteria,Industry,5
NCT00210717-P,6,91.75,136,15,9.56,6.539509537,Paliperidone,Acute,Investigator determined ,Industry,4
NCT00216580,0,39.28,21,17,0,0,Risperidone,Acute,Csernansky criteria,Industry,6