study,x1i,t1i,num,ord,us,Events per 100 patient - years,antipsychotic, status ,definition,sponsor,quality,male,fhx,smo,dru,prh,hos,td,aka,eps,age,bmi,agediag,doi,cgi,ptot,pgen,ppos,pneg,psp
NCT00088491-1,19,48.63,140,19,100,39.07,Olanzapine,Stable,Csernansky criteria,Industry,5,60,20.71,50,NA,23.57,44.29,0,3.57,7.14,37.71,26.79,25.39,12.32,3.38,62.04,31.04,13.19,17.81,NA
NCT00119756-50,12,33.47,81,18,29.63,35.85,Paliperidone,Stable,Investigator determined ,Industry,4,58.02,NA,60.49,NA,NA,8.64,0,1.23,18.52,43.01,28.41,29.05,14.04,3.4,57.09,27.99,13.3,15.8,NA
NCT00705783,27,110.18,269,17,45.35315985,24.50578142,Aripiprazole,Stable,Csernansky criteria,Industry,5,60.22304833,NA,NA,NA,NA,NA,NA,NA,NA,39.62453532,28.22639405,25.8401487,13.78438662,3.167286245,58.79553903,28.9070632,12.87732342,17.01115242,65.16603774
NCT00088491-3,28,115.32,318,16,100,24.28,Olanzapine,Stable,Csernansky criteria,Industry,5,66.67,25.16,48.43,NA,17.3,48.74,0.63,3.14,11.32,41.58,27.99,26.24,15.39,3,53.66,26.85,11.31,15.5,NA
NCT00119756-100,9,37.52,86,15,29.07,23.99,Paliperidone,Stable,Investigator determined ,Industry,4,55.81,NA,53.49,NA,NA,11.63,1.16,0,9.3,42.42,29.5,28.05,14.37,3.22,55.02,27.6,12.63,14.79,NA
NCT00320489,46,322.83,247,14,23.48,14.25,Olanzapine,Stable,Csernansky criteria,Industry,5,66.8,NA,55.06,NA,29.96,85.83,2.02,1.62,6.07,41.87,28.29,26.08,15.83,3.23,56.82,28.06,12.87,15.89,NA
NCT00119756-75,5,35.73,83,13,32.53,13.99,Paliperidone,Stable,Investigator determined ,Industry,4,55.42,NA,62.65,NA,NA,13.25,0,3.61,7.23,43.22,27.7,27.94,15.38,3.43,56.45,27.28,13.13,16.04,NA
NCT00706654,22,166.46,265,12,36.60377358,13.21636657,Aripiprazole,Stable,Csernansky criteria,Industry,5,60.37735849,NA,NA,NA,NA,NA,NA,NA,NA,41.36981132,29.03053435,28.23396226,13.13584906,3.196226415,58.00377358,28.40754717,12.81132075,16.78490566,65.32307692
NCT00088491-2,6,48.63,141,11,100,11.04,Olanzapine,Stable,Csernansky criteria,Industry,5,67.38,26.24,47.52,NA,9.22,45.39,2.13,2.84,12.77,39.54,26.1,25.84,13.7,3.3,62.8,31.89,12.54,18.38,NA
NCT00216476,61,616.75,338,10,0,9.89,Risperidone,Stable,Csernansky criteria,Industry,5,58.88,31.07,NA,NA,42.31,NA,2.37,0.89,3.55,40.45,27.68,24.33,15.72,3.67,72.61,36.79,14.38,21.44,56.68
NCT01136772-P,61,111.52,145,8,100,54.7,Paliperidone,Acute,Csernansky criteria,Academia,4,73.1,NA,76.55,31.72,67.59,NA,0.69,2.76,3.45,42.61,30.1,23,19.55,4.02,72.57,35.01,18.61,18.96,NA
NCT01136772-H,54,115.44,143,7,100,46.78,Haloperidol,Acute,Csernansky criteria,Academia,4,76.22,NA,69.23,23.08,72.73,NA,0,2.1,2.8,45.14,30.19,24.4,21.09,3.85,69.64,33.55,17.35,18.74,NA
NCT00210717-P,95,250.19,378,6,15.58,37.97,Paliperidone,Acute,Investigator determined ,Industry,3,62.04,NA,56.09,NA,NA,45.89,1.13,2.27,10.2,40.7,27.94,28.12,12.58,4.17,80.54,39.63,18.66,22.26,55.87
NCT00330863,39,196.54,119,5,100,20.12,Risperidone,Acute,Csernansky criteria,Academia,4,29.63,NA,65.93,11.11,80,43.7,1.48,5.93,9.63,38.21,29.92,21.61,15.87,4.06,38.04,NA,NA,NA,40.1
NCT00210717-R,53,271.31,353,4,13.76,19.53,Risperidone,Acute,Investigator determined ,Industry,3,56.88,NA,58.99,NA,NA,45.77,1.06,2.12,12.17,40.71,27.51,27.86,12.85,4.22,81.72,39.98,18.84,22.9,56.2
NCT00111189,123,710.19,852,3,29.69,17.32,Paliperidone,Acute,Csernansky criteria,Industry,4,57.75,NA,51.29,NA,47.54,8.1,0.94,1.76,5.75,37.84,27.08,26.23,11.62,3.64,71.97,35.75,16.92,19.3,63.07
NCT01193153,52,398.22,638,2,45.45,13.06,Paliperidone,Acute,Csernansky criteria,Industry,4,52.98,NA,62.38,36.36,NA,NA,0.78,1.41,0.94,39.43,27.76,NA,NA,4.4,85.93,43.41,23.35,19.17,51.28
NCT01529515,36,294.88,469,1,34.12,12.21,Paliperidone,Acute,Csernansky criteria,Industry,4,74.2,NA,62.9,NA,NA,NA,0.43,0.85,25.8,38.1,26.47,NA,NA,3.84,73.95,36.12,17.57,20.26,58.83
NCT00216580,3,75.92,46,9,0,3.95,Risperidone,Acute,Csernansky criteria,Industry,6,65.22,NA,NA,NA,NA,NA,0,2.17,10.87,25.35,20.33,25.35,0,5.02,91.2,41.02,25.02,25.15,36.35