study,x1i,t1i,num,order,us,Events per 100 patient - years,antipsychotic, status ,definition,sponsor,quality,male,fhx,smo,dru,prh,hos,td,aka,eps,age,bmi,agediag,doi,cgi,ptot,pgen,ppos,pneg,psp
NCT00088491-1,0,0,,,,,,,,,,,,,,,,,,,,,,,,,,,,
NCT00705783,0,0,,,,,,,,,,,,,,,,,,,,,,,,,,,,
NCT00088491-3,0,0,,,,,,,,,,,,,,,,,,,,,,,,,,,,
NCT00706654,0,0,,,,,,,,,,,,,,,,,,,,,,,,,,,,
NCT00088491-2,0,0,,,,,,,,,,,,,,,,,,,,,,,,,,,,
NCT00320489,19,86.91,76,,,21.86169601,Olanzapine,Stable,Csernansky criteria,Industry,4,,,,,,,,,,,,,,,,,,,
NCT00119756-50,10,14.23,41,,46.3414634,70.27406887,Paliperidone,Stable,Investigator determined ,Industry,4,,,,,,,,,,,,,,,,,,,
NCT00216476,32,249.55,145,,0,12.82308155,Risperidone,Stable,Csernansky criteria,Industry,5,,,,,,,,,,,,,,,,,,,
NCT00119756-100,8,15.01,39,,43.5897436,53.29780147,Paliperidone,Stable,Investigator determined ,Industry,4,,,,,,,,,,,,,,,,,,,
NCT00119756-75,5,14.65,38,,39.4736842,34.12969283,Paliperidone,Stable,Investigator determined ,Industry,4,,,,,,,,,,,,,,,,,,,
NCT00216580,6,37.17,28,,0,16.14205004,Risperidone,Stable,Csernansky criteria,Industry,6,,,,,,,,,,,,,,,,,,,
NCT01136772-P,41,59.63,92,,100,68.75733691,Paliperidone,Acute,Csernansky criteria,Academia,5,,,,,,,,,,,,,,,,,,,
NCT01136772-H,36,62.46,91,,100,57.63688761,Haloperidol,Acute,Csernansky criteria,Academia,5,,,,,,,,,,,,,,,,,,,
NCT00330863,38,143.65,105,,100,26.45318482,Risperidone,Acute,Csernansky criteria,Academia,5,,,,,,,,,,,,,,,,,,,
NCT00111189,60,169.4,340,,35.8823529,35.41912633,Paliperidone,Acute,Csernansky criteria,Industry,5,,,,,,,,,,,,,,,,,,,
NCT00210717-R,47,150.91,217,,19.3548387,31.1443907,Risperidone,Acute,Investigator determined ,Industry,4,,,,,,,,,,,,,,,,,,,
NCT01529515,26,166.44,256,,42.1875,15.62124489,Paliperidone,Acute,Csernansky criteria,Industry,5,,,,,,,,,,,,,,,,,,,
NCT01193153,43,309.85,452,,,13.87768275,Paliperidone,Acute,Csernansky criteria,Industry,5,,,,,,,,,,,,,,,,,,,
NCT00210717-P,86,158.44,272,,16.1764706,54.27922242,Paliperidone,Acute,Investigator determined ,Industry,4,,,,,,,,,,,,,,,,,,,